item_id,status,created_at,sku,price,qty_ordered,grand_total,increment_id,category_name_1,sales_commission_code,discount_amount,payment_method,Working Date,BI Status, MV ,Year,Month,Customer Since,M-Y,FY,Customer ID
379040,complete,1/1/2017,Rajesh_Black Glue Gun,825,1,1185,100255234,Home & Living,\N,0,cod,1/1/2017,Net,825,2017,1,Jan-17,1-2017,FY17,30115
379041,complete,1/1/2017,RAJESH_RAJ223,360,1,1185,100255234,Home & Living,\N,0,cod,1/1/2017,Net,360,2017,1,Jan-17,1-2017,FY17,30115
379042,complete,1/1/2017,Adolphs_BF-4-M,799,1,799,100255235,Men's Fashion,\N,0,cod,1/1/2017,Net,799,2017,1,Jan-17,1-2017,FY17,30116
379044,complete,1/1/2017,BO_nonRC-Jeep-Red,250,1,599,100255236,Kids & Baby,\N,0,cod,1/1/2017,Net,250,2017,1,Nov-16,1-2017,FY17,15531
379045,complete,1/1/2017,BP_PS03940-Green,349,1,599,100255236,School & Education,\N,0,cod,1/1/2017,Net,349,2017,1,Nov-16,1-2017,FY17,15531
379046,complete,1/1/2017,Paramount_9789696371342,395,1,395,100255237,School & Education,\N,0,cod,1/1/2017,Net,395,2017,1,Jan-17,1-2017,FY17,30117
379047,complete,1/1/2017,Infinix-Hot-S-Grey,16899,1,15899,100255238,Mobiles & Tablets,HDD 105640,1000,Payaxis,1/1/2017,Net,"16,899",2017,1,Jan-17,1-2017,FY17,30118
379048,complete,1/1/2017,Wild_MicrotouchMaxTrimmer,550,1,920,100255239,Beauty & Grooming,\N,0,cod,1/1/2017,Net,550,2017,1,Jan-17,1-2017,FY17,30119
379049,complete,1/1/2017,Seven Star_SB-Cotton4,370,1,920,100255239,Home & Living,\N,0,cod,1/1/2017,Net,370,2017,1,Jan-17,1-2017,FY17,30119
379050,complete,1/1/2017,MYWALET_MW-060-BLACK,615,1,615,100255240,Men's Fashion,\N,0,cod,1/1/2017,Net,615,2017,1,Nov-16,1-2017,FY17,18074
379051,complete,1/1/2017,vitamin_Ultra Whey Protein,1500,1,1500,100255241,Health & Sports,\N,0,cod,1/1/2017,Net,"1,500",2017,1,Jul-16,1-2017,FY17,36
379052,order_refunded,1/1/2017,KureshiC_047-kemei,1099,1,1099,100255242,Beauty & Grooming,\N,0,cod,1/1/2017,Valid,"1,099",2017,1,Nov-16,1-2017,FY17,15442
379053,complete,1/1/2017,tucano_Plus Glass Protector for iPhone 6s  IPH65-SP-TG,645,1,645,100255243,Mobiles & Tablets,\N,0,cod,1/1/2017,Net,645,2017,1,Jul-16,1-2017,FY17,463
379054,complete,1/1/2017,aybeez_ABZ-1047-L,299,1,299,100255244,Men's Fashion,\N,0,cod,1/1/2017,Net,299,2017,1,Jan-17,1-2017,FY17,30120
379056,complete,1/1/2017,Audionic_B-710-Black,1075,1,1075,100255245,Computing,\N,0,cod,1/1/2017,Net,"1,075",2017,1,Sep-16,1-2017,FY17,7746
379058,complete,1/1/2017,AC_ac 178-green-Free size,799,1,48,100255246,Women's Fashion,\N,0,cod,1/1/2017,Net,799,2017,1,Jul-16,1-2017,FY17,2215
379060,complete,1/1/2017,RS_Coconut Bites,140,1,140,100255247,Soghaat,C-HDD-40844,0,cod,1/1/2017,Net,140,2017,1,Jul-16,1-2017,FY17,395
379061,complete,1/1/2017,RS_Coconut Bites,140,1,140,100255248,Soghaat,C-HDD-40844,0,cod,1/1/2017,Net,140,2017,1,Jul-16,1-2017,FY17,395
379062,canceled,1/1/2017,Turbo_100184,91,1,91,100255249,Home & Living,\N,0,Payaxis,1/1/2017,Gross,91,2017,1,Jan-17,1-2017,FY17,30121
379063,order_refunded,1/1/2017,ss_Cufflink Golf Kit,1000,1,2000,100255250,Men's Fashion,80211,0,cod,1/1/2017,Valid,"1,000",2017,1,Jan-17,1-2017,FY17,30122
379064,order_refunded,1/1/2017,ss_Cufflink Golf Boll,1000,1,2000,100255250,Men's Fashion,80211,0,cod,1/1/2017,Valid,"1,000",2017,1,Jan-17,1-2017,FY17,30122
379065,complete,1/1/2017,heater_De Longni,750,2,1500,100255251,Appliances,\N,0,cod,1/1/2017,Net,"1,500",2017,1,Sep-16,1-2017,FY17,8542
379066,canceled,1/1/2017,Infinix Hot 4-Black,12599,1,12599,100255252,Mobiles & Tablets,\N,0,cod,1/1/2017,Gross,"12,599",2017,1,Jan-17,1-2017,FY17,30123
379068,refund,1/1/2017,Ref_Hilly 2066-Beige-43,1995,1,1995,100255253,Men's Fashion,\N,0,cod,1/1/2017,Valid,"1,995",2017,1,Dec-16,1-2017,FY17,29907
379070,complete,1/1/2017,Infinix Hot 4-Black,12599,1,11599,100255254,Mobiles & Tablets,\N,1000,cod,1/1/2017,Net,"12,599",2017,1,Jan-17,1-2017,FY17,30123
379072,order_refunded,1/1/2017,test-product,8,1,8,100255255,\N,\N,0,jazzwallet,1/1/2017,Valid,8,2017,1,Sep-16,1-2017,FY17,7366
379073,order_refunded,1/1/2017,test-product,8,1,8,100255256,\N,\N,0,jazzvoucher,1/1/2017,Valid,8,2017,1,Sep-16,1-2017,FY17,7366
379074,canceled,1/1/2017,greenroot_Miracle Oil,1500,1,1500,100255257,Health & Sports,\N,0,Payaxis,1/1/2017,Gross,"1,500",2017,1,Jan-17,1-2017,FY17,30124
379075,canceled,1/1/2017,greenroot_Miracle Oil,1500,1,1500,100255258,Health & Sports,\N,0,Payaxis,1/1/2017,Gross,"1,500",2017,1,Jan-17,1-2017,FY17,30124
379076,complete,1/1/2017,vitamin_Sublingual B-12,500,1,500,100255259,Health & Sports,\N,0,cod,1/1/2017,Net,500,2017,1,Dec-16,1-2017,FY17,29907
379077,canceled,1/1/2017,timex_T2P231,9080,1,15080,100255260,Women's Fashion,\N,0,Payaxis,1/1/2017,Gross,"9,080",2017,1,Oct-16,1-2017,FY17,12179
379078,canceled,1/1/2017,phub_Bright Crystal  by Versace 90ml EDT,6000,1,15080,100255260,Beauty & Grooming,\N,0,Payaxis,1/1/2017,Gross,"6,000",2017,1,Oct-16,1-2017,FY17,12179
379079,order_refunded,1/1/2017,vitamin_Ultra Slim Plus,1500,1,1500,100255261,Health & Sports,\N,0,cod,1/1/2017,Valid,"1,500",2017,1,Jan-17,1-2017,FY17,30125
379080,complete,1/1/2017,greenroot_Miracle Oil,1500,1,1500,100255262,Health & Sports,\N,0,Payaxis,1/1/2017,Net,"1,500",2017,1,Jan-17,1-2017,FY17,30124
379081,complete,1/1/2017,RS_Coconut Bites,140,1,140,100255263,Soghaat,\N,0,cod,1/1/2017,Net,140,2017,1,Jul-16,1-2017,FY17,600
379082,order_refunded,1/1/2017,KureshiC_060-pols,599,1,599,100255264,Men's Fashion,\N,0,cod,1/1/2017,Valid,599,2017,1,Dec-16,1-2017,FY17,29404
379083,canceled,1/1/2017,cr_ALMOND SALTED-500 GM,1000,1,1000,100255265,Soghaat,\N,0,Payaxis,1/1/2017,Gross,"1,000",2017,1,Nov-16,1-2017,FY17,26527
379084,canceled,1/1/2017,cr_ALMOND SALTED-500 GM,1000,1,1000,100255266,Soghaat,\N,0,Payaxis,1/1/2017,Gross,"1,000",2017,1,Nov-16,1-2017,FY17,26527
379085,canceled,1/1/2017,Infinix Note 3-2GB-Nationwide-Grey,18599,1,18599,100255267,Mobiles & Tablets,CMUX33202,0,Payaxis,1/1/2017,Gross,"18,599",2017,1,Nov-16,1-2017,FY17,13793
379089,canceled,1/1/2017,cr_ALMOND SALTED-500 GM,1000,1,1000,100255269,Soghaat,\N,0,Payaxis,1/1/2017,Gross,"1,000",2017,1,Nov-16,1-2017,FY17,26527
379087,canceled,1/1/2017,Infinix Note 3-2GB-Nationwide-Grey,18599,1,18599,100255268,Mobiles & Tablets,CMUX33202,0,Payaxis,1/1/2017,Gross,"18,599",2017,1,Nov-16,1-2017,FY17,13793
379090,canceled,1/1/2017,Infinix Note 3-2GB-Nationwide-Gold,18599,2,37198,100255270,Mobiles & Tablets,CMUX33202,0,Payaxis,1/1/2017,Gross,"37,198",2017,1,Nov-16,1-2017,FY17,13793
379092,canceled,1/1/2017,alrafa_Ajwa-Dates-400g,1285,2,2570,100255271,Soghaat,CMUX33202,0,Payaxis,1/1/2017,Gross,"2,570",2017,1,Nov-16,1-2017,FY17,13793
379093,complete,1/1/2017,contessa_CWC177-L,190,1,1190,100255272,Women's Fashion,\N,0,cod,1/1/2017,Net,190,2017,1,Jan-17,1-2017,FY17,30126
379095,complete,1/1/2017,ubaab_Ubb-b2,500,1,1190,100255272,Women's Fashion,\N,0,cod,1/1/2017,Net,500,2017,1,Jan-17,1-2017,FY17,30126
379096,complete,1/1/2017,JayQeu_SP-27-M,500,1,1190,100255272,Women's Fashion,\N,0,cod,1/1/2017,Net,500,2017,1,Jan-17,1-2017,FY17,30126
379098,canceled,1/1/2017,Infinix Note 3-2GB-Nationwide-Gold,18599,1,18599,100255273,Mobiles & Tablets,CMUX33202,0,Payaxis,1/1/2017,Gross,"18,599",2017,1,Nov-16,1-2017,FY17,13793
379100,complete,1/1/2017,BB_bundle_bf,680,1,680,100255274,Superstore,\N,0,cod,1/1/2017,Net,680,2017,1,Aug-16,1-2017,FY17,5092
379101,canceled,1/1/2017,cr_ALMOND SALTED-500 GM,1000,1,1000,100255275,Soghaat,\N,0,Payaxis,1/1/2017,Gross,"1,000",2017,1,Nov-16,1-2017,FY17,26527
379102,order_refunded,1/1/2017,Dawlance_bundle_DW-5500 White-,16300,1,16300,100255276,Appliances,\N,0,cod,1/1/2017,Valid,"16,300",2017,1,Jan-17,1-2017,FY17,30127
379104,complete,1/1/2017,mva_Till-Ladoo-12pcs,85,1,85,100255277,Soghaat,\N,0,cod,1/1/2017,Net,85,2017,1,Jan-17,1-2017,FY17,30128
379105,complete,1/1/2017,HQDistributors_GT-08-Gold,2475,1,2475,100255278,Mobiles & Tablets,100247483,0,cod,1/1/2017,Net,"2,475",2017,1,Sep-16,1-2017,FY17,6882
379106,complete,1/1/2017,Femina_8008081260315-1231,80,1,80,100255279,Beauty & Grooming,\N,0,cod,1/1/2017,Net,80,2017,1,Oct-16,1-2017,FY17,12142
379107,order_refunded,1/1/2017,Berrio_BR-01,195,1,195,100255280,Beauty & Grooming,\N,0,cod,1/1/2017,Valid,195,2017,1,Dec-16,1-2017,FY17,30108
379108,order_refunded,1/1/2017,st_PX002,1599,1,1599,100255281,Home & Living,\N,0,cod,1/1/2017,Valid,"1,599",2017,1,Aug-16,1-2017,FY17,3618
379109,canceled,1/1/2017,Infinix-Hot-S-Grey,16899,1,16899,100255282,Mobiles & Tablets,\N,0,Payaxis,1/1/2017,Gross,"16,899",2017,1,Nov-16,1-2017,FY17,26527
379110,complete,1/1/2017,HQDistributors_DZ-09-Black,2160,1,2160,100255283,Mobiles & Tablets,\N,0,cod,1/1/2017,Net,"2,160",2017,1,Nov-16,1-2017,FY17,14559
379111,complete,1/1/2017,stinnos_1562,1100,1,1100,100255284,Kids & Baby,\N,0,cod,1/1/2017,Net,"1,100",2017,1,Dec-16,1-2017,FY17,28127
379112,canceled,1/1/2017,Infinix Note 3-2GB-Nationwide-Gold,18599,1,18599,100255285,Mobiles & Tablets,CMUX33202,0,Payaxis,1/1/2017,Gross,"18,599",2017,1,Nov-16,1-2017,FY17,13793
379114,canceled,1/1/2017,cr_ALMOND SALTED-500 GM,1000,1,1000,100255286,Soghaat,\N,0,Payaxis,1/1/2017,Gross,"1,000",2017,1,Nov-16,1-2017,FY17,26527
379115,complete,1/1/2017,Relevant_PO-2-M,700,1,1480,100255287,Men's Fashion,\N,0,cod,1/1/2017,Net,700,2017,1,Nov-16,1-2017,FY17,18145
379117,complete,1/1/2017,Aybeez_SST-788-M,780,1,1480,100255287,Men's Fashion,\N,0,cod,1/1/2017,Net,780,2017,1,Nov-16,1-2017,FY17,18145
379120,complete,1/1/2017,P&P_9695420176,399,1,544,100255289,Books,\N,0,cod,1/1/2017,Net,399,2017,1,Jan-17,1-2017,FY17,30129
379121,complete,1/1/2017,Paramount_9814107077,145,1,544,100255289,Books,\N,0,cod,1/1/2017,Net,145,2017,1,Jan-17,1-2017,FY17,30129
379119,canceled,1/1/2017,cr_ALMOND SALTED-500 GM,1000,1,1000,100255288,Soghaat,\N,0,Payaxis,1/1/2017,Gross,"1,000",2017,1,Nov-16,1-2017,FY17,26527
379124,order_refunded,1/1/2017,jazzx_JS7Pro-Gold,6921,1,6921,100255291,Mobiles & Tablets,NY2017,0,cod,1/1/2017,Valid,"6,921",2017,1,Nov-16,1-2017,FY17,15689
379122,canceled,1/1/2017,Infinix Note 3-2GB-Nationwide-Grey,18599,1,18599,100255290,Mobiles & Tablets,CMUX33202,0,Payaxis,1/1/2017,Gross,"18,599",2017,1,Nov-16,1-2017,FY17,13793
379126,canceled,1/1/2017,Infinix Note 3-2GB-Nationwide-Gold,18599,3,55797,100255292,Mobiles & Tablets,CMUX33202,0,Payaxis,1/1/2017,Gross,"55,797",2017,1,Nov-16,1-2017,FY17,13793
379128,complete,1/1/2017,INFIINIX_HOT S X521,16899,1,16899,100255293,Mobiles & Tablets,\N,0,Payaxis,1/1/2017,Net,"16,899",2017,1,Nov-16,1-2017,FY17,26527
379129,order_refunded,1/1/2017,jazzx_JS7Pro-Gold,6921,1,6921,100255294,Mobiles & Tablets,\N,0,cod,1/1/2017,Valid,"6,921",2017,1,Nov-16,1-2017,FY17,15689
379131,complete,1/1/2017,samsung_galaxy-grand-prime-plus-Silver,15999,1,15999,100255295,Mobiles & Tablets,\N,0,Payaxis,1/1/2017,Net,"15,999",2017,1,Nov-16,1-2017,FY17,26527
379135,canceled,1/1/2017,nasgas_DG-06l Crystal,5199,1,11689,100255297,Appliances,\N,0,Payaxis,1/1/2017,Gross,"5,199",2017,1,Nov-16,1-2017,FY17,26527
379136,canceled,1/1/2017,R&I_HDG-2012S,6490,1,11689,100255297,Appliances,\N,0,Payaxis,1/1/2017,Gross,"6,490",2017,1,Nov-16,1-2017,FY17,26527
379133,canceled,1/1/2017,Infinix Note 3-2GB-Nationwide-Gold,18599,1,18599,100255296,Mobiles & Tablets,CMUX33202,0,Payaxis,1/1/2017,Gross,"18,599",2017,1,Nov-16,1-2017,FY17,13793
379137,canceled,1/1/2017,Infinix Note 3-2GB-Nationwide-Gold,18599,1,18599,100255298,Mobiles & Tablets,CMUX33202,0,Payaxis,1/1/2017,Gross,"18,599",2017,1,Nov-16,1-2017,FY17,13793
379139,complete,1/1/2017,cr_ALMOND SALTED-500 GM,1000,2,2000,100255299,Soghaat,\N,0,Payaxis,1/1/2017,Net,"2,000",2017,1,Nov-16,1-2017,FY17,26527
379142,canceled,1/1/2017,Prime_CT11-BLACK-L,2999,1,2999,100255301,Men's Fashion,\N,0,Payaxis,1/1/2017,Gross,"2,999",2017,1,Nov-16,1-2017,FY17,26527
379140,canceled,1/1/2017,Infinix Note 3-2GB-Nationwide-Gold,18599,1,18599,100255300,Mobiles & Tablets,CMUX33202,0,Payaxis,1/1/2017,Gross,"18,599",2017,1,Nov-16,1-2017,FY17,13793
379144,canceled,1/1/2017,alrafa_Ajwa-Dates-400g,1285,1,1285,100255302,Soghaat,CMUX33202,0,Payaxis,1/1/2017,Gross,"1,285",2017,1,Nov-16,1-2017,FY17,13793
379145,complete,1/1/2017,jazzx_JS7Pro-Gold,6921,1,6921,100255303,Mobiles & Tablets,\N,0,cod,1/1/2017,Net,"6,921",2017,1,Nov-16,1-2017,FY17,15689
379147,order_refunded,1/1/2017,SNU_SapphireSP16W1MystiqueWillow-A,2490,1,756,100255304,Women's Fashion,\N,0,cod,1/1/2017,Valid,"2,490",2017,1,Nov-16,1-2017,FY17,13575
379151,complete,1/1/2017,PC_SCHL-RIB-002 -8-9,199,1,199,100255306,School & Education,\N,0,jazzwallet,1/1/2017,Net,199,2017,1,Dec-16,1-2017,FY17,30108
379148,received,1/1/2017,Aybeez_SST-788-M,780,1,1340,100255305,Men's Fashion,1234567,0,cod,1/1/2017,Valid,780,2017,1,Jan-17,1-2017,FY17,30130
379150,received,1/1/2017,kureshi_061-BCL,560,1,1340,100255305,Men's Fashion,1234567,0,cod,1/1/2017,Valid,560,2017,1,Jan-17,1-2017,FY17,30130
379153,complete,1/1/2017,Relevant_PO-2-M,700,1,700,100255308,Men's Fashion,\N,0,cod,1/1/2017,Net,700,2017,1,Nov-16,1-2017,FY17,18145
379152,complete,1/1/2017,kureshi_061-BCL,560,1,560,100255307,Men's Fashion,1234567,0,cod,1/1/2017,Net,560,2017,1,Jan-17,1-2017,FY17,30130
379155,canceled,1/1/2017,dawlance_DWT-150C,36000,1,36000,100255309,Appliances,\N,0,Payaxis,1/1/2017,Gross,"36,000",2017,1,Nov-16,1-2017,FY17,26527
379156,canceled,1/1/2017,Infinix-Hot-S-Grey,16899,1,16899,100255310,Mobiles & Tablets,\N,0,Payaxis,1/1/2017,Gross,"16,899",2017,1,Nov-16,1-2017,FY17,26527
379157,complete,1/1/2017,samsung_galaxy-grand-prime-plus-Silver,15999,1,15999,100255311,Mobiles & Tablets,\N,0,Payaxis,1/1/2017,Net,"15,999",2017,1,Nov-16,1-2017,FY17,26527
379161,complete,1/1/2017,Infinix-Hot-S-Grey,16899,1,16899,100255313,Mobiles & Tablets,\N,0,Payaxis,1/1/2017,Net,"16,899",2017,1,Nov-16,1-2017,FY17,26527
379159,canceled,1/1/2017,Huawei P8 lite-Gold,21999,1,21999,100255312,Mobiles & Tablets,\N,0,Payaxis,1/1/2017,Gross,"21,999",2017,1,Nov-16,1-2017,FY17,26527
379162,canceled,1/1/2017,cr_ALMOND PLAIN-500 GM,940,2,1880,100255314,Soghaat,\N,0,Payaxis,1/1/2017,Gross,"1,880",2017,1,Nov-16,1-2017,FY17,26527
379163,order_refunded,1/1/2017,SNU_SapphireSP16W1IndianBlock-B,2190,1,1003.5,100255315,Women's Fashion,\N,0,cod,1/1/2017,Valid,"2,190",2017,1,Aug-16,1-2017,FY17,5417
379164,complete,1/1/2017,iGeek_Night Use Selfie Enhancing Flash Light for Smart Phones - ,352,1,352,100255316,Mobiles & Tablets,\N,0,cod,1/1/2017,Net,352,2017,1,Nov-16,1-2017,FY17,16966
379165,canceled,1/1/2017,Infinix-Hot-S-Grey,16899,1,16899,100255317,Mobiles & Tablets,\N,0,Payaxis,1/1/2017,Gross,"16,899",2017,1,Jan-17,1-2017,FY17,30131
379166,order_refunded,1/1/2017,Adolphs_TT-1-Black-L,499,1,499,100255318,Men's Fashion,\N,0,cod,1/1/2017,Valid,499,2017,1,Jan-17,1-2017,FY17,30132
379168,complete,1/1/2017,ZNE_247S-177-Black -M,1999,1,1999,100255319,Women's Fashion,R-FSD-58130,0,cod,1/1/2017,Net,"1,999",2017,1,Jul-16,1-2017,FY17,20
379170,complete,1/1/2017,emart_00-7,699,1,699,100255320,Home & Living,R-FSD-58130,0,cod,1/1/2017,Net,699,2017,1,Jul-16,1-2017,FY17,20
379171,order_refunded,1/1/2017,dawlance_DWEK-8223,2500,1,2500,100255321,Appliances,C-MUX-4277,0,cod,1/1/2017,Valid,"2,500",2017,1,Sep-16,1-2017,FY17,9082
379172,complete,1/1/2017,motif_MPT-205-Mustard-33,549.5,1,549.5,100255322,Men's Fashion,\N,0,cod,1/1/2017,Net,550,2017,1,Aug-16,1-2017,FY17,4914
379174,order_refunded,1/1/2017,R&I_HIC-201,9490,1,17520,100255323,Appliances,\N,0,Payaxis,1/1/2017,Valid,"9,490",2017,1,Dec-16,1-2017,FY17,29686
379175,order_refunded,1/1/2017,sinbo_3449,8030,1,17520,100255323,Appliances,\N,0,Payaxis,1/1/2017,Valid,"8,030",2017,1,Dec-16,1-2017,FY17,29686
379176,complete,1/1/2017,Infinix Hot 4-Gold,12599,1,12599,100255324,Mobiles & Tablets,\N,0,cod,1/1/2017,Net,"12,599",2017,1,Dec-16,1-2017,FY17,30083
379178,complete,1/1/2017,cr_SESAME BALL,75,2,150,100255325,Soghaat,\N,0,cod,1/1/2017,Net,150,2017,1,Nov-16,1-2017,FY17,25514
379179,complete,1/1/2017,Aybeez_ABZ-282-M,455,1,0,100255326,Men's Fashion,\N,0,customercredit,1/1/2017,Net,455,2017,1,Dec-16,1-2017,FY17,29158
379181,complete,1/1/2017,RUB_Rubian Zipper,250,1,250,100255327,Mobiles & Tablets,\N,0,cod,1/1/2017,Net,250,2017,1,Jan-17,1-2017,FY17,30133
379182,complete,1/1/2017,avent_SCF17814,690,1,690,100255328,Kids & Baby,\N,0,cod,1/1/2017,Net,690,2017,1,Jul-16,1-2017,FY17,28
379183,complete,1/1/2017,RS_Nan Khatai,210,1,210,100255329,Soghaat,\N,0,cod,1/1/2017,Net,210,2017,1,Nov-16,1-2017,FY17,23632
379184,complete,1/1/2017,adolph_WD-9-XL,749,1,749,100255330,Men's Fashion,\N,0,cod,1/1/2017,Net,749,2017,1,Jan-17,1-2017,FY17,30134
379186,order_refunded,1/1/2017,BO_Meat-Tenderizer - Black,550,1,550,100255331,Home & Living,\N,0,cod,1/1/2017,Valid,550,2017,1,Nov-16,1-2017,FY17,18010
379187,complete,1/1/2017,Baklawa_Cake Rusk Per Pack 330g,200,1,200,100255332,Soghaat,R-lhr east 107189,0,cod,1/1/2017,Net,200,2017,1,Dec-16,1-2017,FY17,29826
379188,order_refunded,1/1/2017,Aybeez_SST-787-XL,480,1,480,100255333,Men's Fashion,\N,0,cod,1/1/2017,Valid,480,2017,1,Dec-16,1-2017,FY17,29205
379190,complete,1/1/2017,Infinix Hot 4-Black,12599,1,12599,100255334,Mobiles & Tablets,\N,0,cod,1/1/2017,Net,"12,599",2017,1,Sep-16,1-2017,FY17,5969
379192,complete,1/1/2017,greenroot_Weight plus,1500,1,1500,100255335,Health & Sports,\N,0,cod,1/1/2017,Net,"1,500",2017,1,Jan-17,1-2017,FY17,30135
379193,complete,1/1/2017,ZFMLL_Iron Gyms Single Rod,1500,1,1500,100255336,Health & Sports,\N,0,cod,1/1/2017,Net,"1,500",2017,1,Jan-17,1-2017,FY17,30136
379194,complete,1/1/2017,BO_shovel-truck-orange,290,1,290,100255337,Kids & Baby,\N,0,cod,1/1/2017,Net,290,2017,1,Dec-16,1-2017,FY17,29426
379195,complete,1/1/2017,vitamin_moments-delay-wipes,1500,1,1500,100255338,Health & Sports,\N,0,cod,1/1/2017,Net,"1,500",2017,1,Jan-17,1-2017,FY17,30137
379196,order_refunded,1/1/2017,CopperAccessories_JPX551-Transparent,450,1,450,100255339,Mobiles & Tablets,\N,0,cod,1/1/2017,Valid,450,2017,1,Jan-17,1-2017,FY17,30138
379197,complete,1/1/2017,Infinix Hot 4-Gold,12599,1,11599,100255340,Mobiles & Tablets,NK2017,1000,cod,1/1/2017,Net,"12,599",2017,1,Jan-17,1-2017,FY17,30139
379199,complete,1/1/2017,Audionic_Studio 4,675,1,675,100255341,Computing,\N,0,cod,1/1/2017,Net,675,2017,1,Nov-16,1-2017,FY17,19360
379200,complete,1/1/2017,Keune_Black Dream-No. 1,390,1,390,100255342,Beauty & Grooming,\N,0,cod,1/1/2017,Net,390,2017,1,Jan-17,1-2017,FY17,30140
379202,complete,1/1/2017,Rubian_other-0423-4408212-1-zoom,799,1,799,100255344,Mobiles & Tablets,\N,0,cod,1/1/2017,Net,799,2017,1,Nov-16,1-2017,FY17,15308
379201,complete,1/1/2017,Keune_Red Brown Dream-No. 4.56,390,1,390,100255343,Beauty & Grooming,\N,0,cod,1/1/2017,Net,390,2017,1,Jan-17,1-2017,FY17,30140
379203,complete,1/1/2017,Rubian_Rubian 069,299,1,299,100255345,Women's Fashion,\N,0,cod,1/1/2017,Net,299,2017,1,Jan-17,1-2017,FY17,30141
379204,complete,1/1/2017,"mytee_Mytee292-Black, Blue, White-L",874,1,874,100255346,Men's Fashion,57815,0,cod,1/1/2017,Net,874,2017,1,Jan-17,1-2017,FY17,30142
379206,canceled,1/1/2017,Haier_Esteem V4_Gold,17190,1,17190,100255347,Mobiles & Tablets,\N,0,jazzwallet,1/1/2017,Gross,"17,190",2017,1,Nov-16,1-2017,FY17,16866
379207,complete,1/1/2017,emart_00-7,699,1,699,100255348,Home & Living,R-KHS-103982,0,cod,1/1/2017,Net,699,2017,1,Jul-16,1-2017,FY17,106
379208,complete,1/1/2017,SFEVER_Sf-alh-010,492,1,492,100255349,Beauty & Grooming,\N,0,cod,1/1/2017,Net,492,2017,1,Oct-16,1-2017,FY17,11817
379210,order_refunded,1/1/2017,mytee_mytee200-M,1399,1,1399,100255351,Men's Fashion,\N,0,cod,1/1/2017,Valid,"1,399",2017,1,Oct-16,1-2017,FY17,11817
379209,canceled,1/1/2017,Sony_DZ 950,36735,1,36735,100255350,Entertainment,cmux33202,0,Payaxis,1/1/2017,Gross,"36,735",2017,1,Dec-16,1-2017,FY17,30063
379212,canceled,1/1/2017,qmobile_Noir Z14,25500,1,25500,100255352,Mobiles & Tablets,cmux33202,0,Payaxis,1/1/2017,Gross,"25,500",2017,1,Dec-16,1-2017,FY17,30063
379214,canceled,1/1/2017,qmobile_Noir Z14,25500,1,25500,100255354,Mobiles & Tablets,cmux33202,0,Payaxis,1/1/2017,Gross,"25,500",2017,1,Dec-16,1-2017,FY17,29174
379213,canceled,1/1/2017,qmobile_Noir Z14,25500,1,25500,100255353,Mobiles & Tablets,\N,0,Payaxis,1/1/2017,Gross,"25,500",2017,1,Dec-16,1-2017,FY17,29174
379215,canceled,1/1/2017,qmobile_Noir Z14,25500,1,62235,100255355,Mobiles & Tablets,cmux33202,0,Payaxis,1/1/2017,Gross,"25,500",2017,1,Dec-16,1-2017,FY17,29174
379216,canceled,1/1/2017,Sony_DZ 950,36735,1,62235,100255355,Entertainment,cmux33202,0,Payaxis,1/1/2017,Gross,"36,735",2017,1,Dec-16,1-2017,FY17,29174
379217,canceled,1/1/2017,qmobile_Noir Z14,25500,1,25500,100255356,Mobiles & Tablets,cmux33202,0,Payaxis,1/1/2017,Gross,"25,500",2017,1,Dec-16,1-2017,FY17,29174
379218,complete,1/1/2017,infinix_Zero 4-Grey,22999,1,22999,100255357,Mobiles & Tablets,R-LHE-104418,0,cod,1/1/2017,Net,"22,999",2017,1,Jan-17,1-2017,FY17,30143
379220,canceled,1/1/2017,HQDistributors_GT-08-Black,2475,1,2475,100255358,Mobiles & Tablets,\N,0,Payaxis,1/1/2017,Gross,"2,475",2017,1,Jul-16,1-2017,FY17,141
379223,canceled,1/1/2017,Sony_DZ 950,36735,1,36735,100255360,Entertainment,cmux33202,0,Payaxis,1/1/2017,Gross,"36,735",2017,1,Dec-16,1-2017,FY17,30063
379221,canceled,1/1/2017,qmobile_Noir Z14,25500,1,62235,100255359,Mobiles & Tablets,cmux33202,0,Payaxis,1/1/2017,Gross,"25,500",2017,1,Dec-16,1-2017,FY17,29174
379222,canceled,1/1/2017,Sony_DZ 950,36735,1,62235,100255359,Entertainment,cmux33202,0,Payaxis,1/1/2017,Gross,"36,735",2017,1,Dec-16,1-2017,FY17,29174
379224,canceled,1/1/2017,qmobile_Noir Z14,25500,1,62235,100255361,Mobiles & Tablets,cmux33202,0,Payaxis,1/1/2017,Gross,"25,500",2017,1,Dec-16,1-2017,FY17,29174
379225,canceled,1/1/2017,Sony_DZ 950,36735,1,62235,100255361,Entertainment,cmux33202,0,Payaxis,1/1/2017,Gross,"36,735",2017,1,Dec-16,1-2017,FY17,29174
379230,complete,1/1/2017,adolph_WD-11-S,499,1,499,100255364,Women's Fashion,\N,0,cod,1/1/2017,Net,499,2017,1,Dec-16,1-2017,FY17,29801
379228,complete,1/1/2017,AC_ac 31-Medium,499,1,499,100255363,Men's Fashion,\N,0,cod,1/1/2017,Net,499,2017,1,Jan-17,1-2017,FY17,30144
379226,complete,1/1/2017,Aybeez_ABZ-215-L,280,1,280,100255362,Men's Fashion,\N,0,cod,1/1/2017,Net,280,2017,1,Nov-16,1-2017,FY17,26200
379232,canceled,1/1/2017,emart_NOVA Hair Dryer 1000,749,1,749,100255365,Beauty & Grooming,\N,0,Payaxis,1/1/2017,Gross,749,2017,1,Nov-16,1-2017,FY17,15364
379234,order_refunded,1/1/2017,adolph_WD-11-S,499,1,499,100255367,Women's Fashion,\N,0,cod,1/1/2017,Valid,499,2017,1,Dec-16,1-2017,FY17,29801
379233,complete,1/1/2017,Igeek_Igeek Mini Mobile Tripod + Holder,353,2,706,100255366,Mobiles & Tablets,\N,0,cod,1/1/2017,Net,706,2017,1,Jan-17,1-2017,FY17,30145
379236,complete,1/1/2017,Adolphs_TT-1-Black-M,499,1,499,100255368,Men's Fashion,\N,0,cod,1/1/2017,Net,499,2017,1,Nov-16,1-2017,FY17,18074
379238,canceled,1/1/2017,Sony_DZ 950,36735,1,36735,100255369,Entertainment,cmux33202,0,cod,1/1/2017,Gross,"36,735",2017,1,Dec-16,1-2017,FY17,30063
379239,canceled,1/1/2017,Sony_DZ 950,36735,1,36735,100255370,Entertainment,cmux33202,0,Payaxis,1/1/2017,Gross,"36,735",2017,1,Dec-16,1-2017,FY17,30063
379240,canceled,1/1/2017,Sony_DZ 950,36735,1,36735,100255371,Entertainment,cmux33202,0,Payaxis,1/1/2017,Gross,"36,735",2017,1,Dec-16,1-2017,FY17,30063
379242,complete,1/1/2017,Igeek_Igeek Mini Mobile Tripod + Holder,353,2,706,100255373,Mobiles & Tablets,have no booking code,0,cod,1/1/2017,Net,706,2017,1,Jan-17,1-2017,FY17,30145
379241,complete,1/1/2017,kureshi_061-BCL,560,1,560,100255372,Men's Fashion,\N,0,cod,1/1/2017,Net,560,2017,1,Jan-17,1-2017,FY17,30146
379246,canceled,1/1/2017,qmobile_Noir Z14,25500,1,62235,100255375,Mobiles & Tablets,cmux33202,0,Payaxis,1/1/2017,Gross,"25,500",2017,1,Dec-16,1-2017,FY17,29174
379247,canceled,1/1/2017,Sony_DZ 950,36735,1,62235,100255375,Entertainment,cmux33202,0,Payaxis,1/1/2017,Gross,"36,735",2017,1,Dec-16,1-2017,FY17,29174
379243,complete,1/1/2017,aybeez_ABZ-2103-M,299,1,564,100255374,Men's Fashion,\N,0,cod,1/1/2017,Net,299,2017,1,Nov-16,1-2017,FY17,24864
379245,complete,1/1/2017,SI_AXE Hot Fever 150 ml,265,1,564,100255374,Beauty & Grooming,\N,0,cod,1/1/2017,Net,265,2017,1,Nov-16,1-2017,FY17,24864
379249,canceled,1/1/2017,ISN's 100% Whey Protein Chocolate,2500,1,2500,100255377,Health & Sports,\N,0,Payaxis,1/1/2017,Gross,"2,500",2017,1,Jan-17,1-2017,FY17,30147
379248,complete,1/1/2017,AudionicAudionic Dream MP3 Player 8GB With Free Heat AH-70 Headp,1140,1,1140,100255376,Mobiles & Tablets,\N,0,cod,1/1/2017,Net,"1,140",2017,1,Dec-16,1-2017,FY17,28300
379251,canceled,1/1/2017,qmobile_Noir Z14,25500,1,62235,100255379,Mobiles & Tablets,cmux33202,0,Payaxis,1/1/2017,Gross,"25,500",2017,1,Dec-16,1-2017,FY17,29174
379252,canceled,1/1/2017,Sony_DZ 950,36735,1,62235,100255379,Entertainment,cmux33202,0,Payaxis,1/1/2017,Gross,"36,735",2017,1,Dec-16,1-2017,FY17,29174
379250,canceled,1/1/2017,Sony_DZ 950,36735,1,36735,100255378,Entertainment,cmux33202,0,Payaxis,1/1/2017,Gross,"36,735",2017,1,Dec-16,1-2017,FY17,30063
379254,canceled,1/1/2017,qmobile_Noir Z14,25500,1,62235,100255381,Mobiles & Tablets,cmux33202,0,Payaxis,1/1/2017,Gross,"25,500",2017,1,Dec-16,1-2017,FY17,29174
379255,canceled,1/1/2017,Sony_DZ 950,36735,1,62235,100255381,Entertainment,cmux33202,0,Payaxis,1/1/2017,Gross,"36,735",2017,1,Dec-16,1-2017,FY17,29174
379253,complete,1/1/2017,AudionicAudionic Dream MP3 Player 8GB With Free Heat AH-70 Headp,1140,1,1140,100255380,Mobiles & Tablets,\N,0,cod,1/1/2017,Net,"1,140",2017,1,Dec-16,1-2017,FY17,28300
379256,complete,1/1/2017,coleman_Blue Cooler Combo 54QT,9050,1,9050,100255382,Home & Living,\N,0,cod,1/1/2017,Net,"9,050",2017,1,Sep-16,1-2017,FY17,7315
379257,refund,1/1/2017,ss_Cufflink Golf Kit,1000,1,1000,100255383,Men's Fashion,666,0,cod,1/1/2017,Valid,"1,000",2017,1,Jan-17,1-2017,FY17,30122
379258,complete,1/1/2017,Al Muhafiz Sohan Halwa Almond,460,1,460,100255384,Soghaat,80903,0,cod,1/1/2017,Net,460,2017,1,Jan-17,1-2017,FY17,30148
379259,complete,1/1/2017,HQDistributors_GT-08-Black,2475,1,2475,100255385,Mobiles & Tablets,\N,0,Payaxis,1/1/2017,Net,"2,475",2017,1,Jul-16,1-2017,FY17,141
379260,canceled,1/1/2017,Sony_DZ 950,36735,1,36735,100255386,Entertainment,cmux33202,0,Payaxis,1/1/2017,Gross,"36,735",2017,1,Dec-16,1-2017,FY17,30063
379261,canceled,1/1/2017,HQDistributors_GT-08-Black,2475,1,2475,100255387,Mobiles & Tablets,\N,0,Payaxis,1/1/2017,Gross,"2,475",2017,1,Jan-17,1-2017,FY17,30149
379262,complete,1/1/2017,Relevant_POW-4-M,700,1,700,100255388,Women's Fashion,\N,0,cod,1/1/2017,Net,700,2017,1,Dec-16,1-2017,FY17,30072
379264,canceled,1/1/2017,Sony_DZ 950,36735,1,36735,100255389,Entertainment,cmux33202,0,Payaxis,1/1/2017,Gross,"36,735",2017,1,Dec-16,1-2017,FY17,30063
379265,canceled,1/1/2017,qmobile_V1 - 7,4999,1,4999,100255390,Mobiles & Tablets,\N,0,cod,1/1/2017,Gross,"4,999",2017,1,Oct-16,1-2017,FY17,11068
379266,canceled,1/1/2017,HQDistributors_GT-08-Black,2475,1,2475,100255391,Mobiles & Tablets,\N,0,Payaxis,1/1/2017,Gross,"2,475",2017,1,Jan-17,1-2017,FY17,30149
379267,complete,1/1/2017,Rubian_DZ09-Smartwatch,1999,1,1999,100255392,Mobiles & Tablets,\N,0,cod,1/1/2017,Net,"1,999",2017,1,Oct-16,1-2017,FY17,11504
379268,order_refunded,1/1/2017,adolph_WD-9-L,749,1,749,100255393,Men's Fashion,\N,0,cod,1/1/2017,Valid,749,2017,1,Jan-17,1-2017,FY17,30150
379270,refund,1/1/2017,Prime_T12-BLACK-L,3999,1,3999,100255394,Men's Fashion,\N,0,cod,1/1/2017,Valid,"3,999",2017,1,Jul-16,1-2017,FY17,1522
379272,order_refunded,1/1/2017,Al Muhafiz Sohan Halwa Almond,460,1,5385,100255395,Soghaat,\N,0,cod,1/1/2017,Valid,460,2017,1,Jan-17,1-2017,FY17,30151
379273,order_refunded,1/1/2017,cr_PISTA SALTED-500 GM,975,1,5385,100255395,Soghaat,\N,0,cod,1/1/2017,Valid,975,2017,1,Jan-17,1-2017,FY17,30151
379274,order_refunded,1/1/2017,cr_REWARI CHAKWAL,125,1,5385,100255395,Soghaat,\N,0,cod,1/1/2017,Valid,125,2017,1,Jan-17,1-2017,FY17,30151
379275,order_refunded,1/1/2017,cr_PEANUT SALTY-200 GM,135,1,5385,100255395,Soghaat,\N,0,cod,1/1/2017,Valid,135,2017,1,Jan-17,1-2017,FY17,30151
379276,order_refunded,1/1/2017,cr_ALMOND PLAIN-200 GM,380,2,5385,100255395,Soghaat,\N,0,cod,1/1/2017,Valid,760,2017,1,Jan-17,1-2017,FY17,30151
379277,order_refunded,1/1/2017,BK1080200CF,144,2,5385,100255395,Soghaat,\N,0,cod,1/1/2017,Valid,288,2017,1,Jan-17,1-2017,FY17,30151
379278,order_refunded,1/1/2017,MDF 015_Sunflower Seeds Salted 250 gm,320,1,5385,100255395,Soghaat,\N,0,cod,1/1/2017,Valid,320,2017,1,Jan-17,1-2017,FY17,30151
379279,order_refunded,1/1/2017,cr_DATES WITH WALNUT-200 GM,230,1,5385,100255395,Soghaat,\N,0,cod,1/1/2017,Valid,230,2017,1,Jan-17,1-2017,FY17,30151
379280,order_refunded,1/1/2017,BK1100200CF,220,1,5385,100255395,Soghaat,\N,0,cod,1/1/2017,Valid,220,2017,1,Jan-17,1-2017,FY17,30151
379281,order_refunded,1/1/2017,BK1200200MS,144,2,5385,100255395,Soghaat,\N,0,cod,1/1/2017,Valid,288,2017,1,Jan-17,1-2017,FY17,30151
379282,order_refunded,1/1/2017,Al Muhafiz Sohan Halwa Walnut,510,1,5385,100255395,Soghaat,\N,0,cod,1/1/2017,Valid,510,2017,1,Jan-17,1-2017,FY17,30151
379283,order_refunded,1/1/2017,cr_PISTA SALTED-200 GM,390,1,5385,100255395,Soghaat,\N,0,cod,1/1/2017,Valid,390,2017,1,Jan-17,1-2017,FY17,30151
379284,order_refunded,1/1/2017,cr_CASHEW NUT ROASTED-200 GM,465,1,5385,100255395,Soghaat,\N,0,cod,1/1/2017,Valid,465,2017,1,Jan-17,1-2017,FY17,30151
379285,order_refunded,1/1/2017,Fmate_Daal Maash,219,1,5385,100255395,Superstore,\N,0,cod,1/1/2017,Valid,219,2017,1,Jan-17,1-2017,FY17,30151
379287,canceled,1/1/2017,coleman_Blue Cooler Combo 54QT,9050,1,9050,100255397,Home & Living,C-RWP-31924,0,Payaxis,1/1/2017,Gross,"9,050",2017,1,Jul-16,1-2017,FY17,33
379286,complete,1/1/2017,BO_shovel-truck-orange,290,1,290,100255396,Kids & Baby,\N,0,cod,1/1/2017,Net,290,2017,1,Jul-16,1-2017,FY17,790
379288,order_refunded,1/1/2017,ww_WSB-5-Orgional Wood Colour,599,1,0,100255398,Home & Living,\N,0,customercredit,1/1/2017,Valid,599,2017,1,Nov-16,1-2017,FY17,16975
379290,canceled,1/1/2017,HTC_DESIRE 628,23999,2,47998,100255400,Mobiles & Tablets,ny2017,0,cod,1/1/2017,Gross,"47,998",2017,1,Dec-16,1-2017,FY17,29772
379289,complete,1/1/2017,Al Muhafiz Sohan Halwa Walnut,510,1,510,100255399,Soghaat,\N,0,cod,1/1/2017,Net,510,2017,1,Nov-16,1-2017,FY17,23078
379291,complete,1/1/2017,cr_REWARI CHAKWAL,125,1,125,100255401,Soghaat,\N,0,cod,1/1/2017,Net,125,2017,1,Nov-16,1-2017,FY17,23078
379292,complete,1/1/2017,aybeez_ABZ-3325-S,299,1,299,100255402,Men's Fashion,\N,0,cod,1/1/2017,Net,299,2017,1,Nov-16,1-2017,FY17,21541
379294,complete,1/1/2017,mva_Super-Punjab-Rewari-250gm,130,1,130,100255403,Soghaat,\N,0,cod,1/1/2017,Net,130,2017,1,Nov-16,1-2017,FY17,23078
379295,order_refunded,1/1/2017,edukaan_201547,300,1,1073,100255404,Kids & Baby,\N,0,cod,1/1/2017,Valid,300,2017,1,Dec-16,1-2017,FY17,29505
379296,order_refunded,1/1/2017,edukaan_201273,773,1,1073,100255404,Kids & Baby,\N,0,cod,1/1/2017,Valid,773,2017,1,Dec-16,1-2017,FY17,29505
379297,complete,1/1/2017,"mytee_Mytee292-Black, Blue, White-M",874,1,0,100255405,Men's Fashion,\N,0,customercredit,1/1/2017,Net,874,2017,1,Nov-16,1-2017,FY17,24045
379299,complete,1/1/2017,RS_Sohan Halwa 1000gm,600,1,600,100255406,Soghaat,\N,0,cod,1/1/2017,Net,600,2017,1,Oct-16,1-2017,FY17,10915
379300,order_refunded,1/1/2017,Sigma_90,878,1,878,100255407,Health & Sports,\N,0,cod,1/1/2017,Valid,878,2017,1,Nov-16,1-2017,FY17,13743
379301,complete,1/1/2017,Samsung_GT-N5110,25000,1,25000,100255408,Mobiles & Tablets,c-isb-34710,0,cod,1/1/2017,Net,"25,000",2017,1,Nov-16,1-2017,FY17,16651
379302,complete,1/1/2017,RS_Soan Papri-250gm,160,2,320,100255409,Soghaat,\N,0,cod,1/1/2017,Net,320,2017,1,Oct-16,1-2017,FY17,11445
379303,canceled,1/1/2017,Sony_DZ 950,36735,1,36735,100255410,Entertainment,cmux33202,0,Payaxis,1/1/2017,Gross,"36,735",2017,1,Dec-16,1-2017,FY17,30063
379304,complete,1/1/2017,emart_00-1,895,1,895,100255411,Others,\N,0,cod,1/1/2017,Net,895,2017,1,Jan-17,1-2017,FY17,30152
379305,canceled,1/1/2017,Sony_DZ 950,36735,1,36735,100255412,Entertainment,cmux33202,0,Payaxis,1/1/2017,Gross,"36,735",2017,1,Dec-16,1-2017,FY17,30063
379306,canceled,1/1/2017,qmobile_Noir Z14,25500,1,25500,100255413,Mobiles & Tablets,cmux33202,0,Payaxis,1/1/2017,Gross,"25,500",2017,1,Nov-16,1-2017,FY17,17368
379307,complete,1/1/2017,MYWALET_MW-001-D1-BLACK,562,1,562,100255414,Men's Fashion,\N,0,cod,1/1/2017,Net,562,2017,1,Jan-17,1-2017,FY17,30153
379308,canceled,1/1/2017,Sony_DZ 950,36735,1,36735,100255415,Entertainment,cmux33202,0,Payaxis,1/1/2017,Gross,"36,735",2017,1,Dec-16,1-2017,FY17,30063
379310,canceled,1/1/2017,Sony_DZ 950,36735,1,36735,100255417,Entertainment,cmux33202,0,Payaxis,1/1/2017,Gross,"36,735",2017,1,Dec-16,1-2017,FY17,30063
379309,canceled,1/1/2017,qmobile_Noir Z14,25500,1,25500,100255416,Mobiles & Tablets,cmux33202,0,Payaxis,1/1/2017,Gross,"25,500",2017,1,Nov-16,1-2017,FY17,17368
379311,canceled,1/1/2017,qmobile_Noir Z14,25500,1,25500,100255418,Mobiles & Tablets,cmux33202,0,Payaxis,1/1/2017,Gross,"25,500",2017,1,Nov-16,1-2017,FY17,17368
379312,order_refunded,1/1/2017,Kmade_Kitchen Made 01,200,1,945,100255419,Superstore,\N,0,cod,1/1/2017,Valid,200,2017,1,Dec-16,1-2017,FY17,28277
379313,order_refunded,1/1/2017,Chk_Imli Chutney 330g,250,1,945,100255419,Superstore,\N,0,cod,1/1/2017,Valid,250,2017,1,Dec-16,1-2017,FY17,28277
379314,order_refunded,1/1/2017,RS_Sohan Halwa Tin,320,1,945,100255419,Soghaat,\N,0,cod,1/1/2017,Valid,320,2017,1,Dec-16,1-2017,FY17,28277
379315,order_refunded,1/1/2017,BK1040200CF,175,1,945,100255419,Soghaat,\N,0,cod,1/1/2017,Valid,175,2017,1,Dec-16,1-2017,FY17,28277
379316,canceled,1/1/2017,Sony_DZ 950,36735,1,36735,100255420,Entertainment,cmux33202,0,Payaxis,1/1/2017,Gross,"36,735",2017,1,Dec-16,1-2017,FY17,30063
379317,canceled,1/1/2017,Sony_DZ 950,36735,1,36735,100255421,Entertainment,cmux33202,0,Payaxis,1/1/2017,Gross,"36,735",2017,1,Dec-16,1-2017,FY17,30063
379318,order_refunded,1/1/2017,SNU_SapphireSP16W1MidnightDream-A,2190,1,3480,100255422,Women's Fashion,\N,0,cod,1/1/2017,Valid,"2,190",2017,1,Nov-16,1-2017,FY17,13192
379319,order_refunded,1/1/2017,SNU_SapphireSP16W1WonderlandRealm-A,3490,1,3480,100255422,Women's Fashion,\N,0,cod,1/1/2017,Valid,"3,490",2017,1,Nov-16,1-2017,FY17,13192
379320,canceled,1/1/2017,qmobile_Noir Z14,25500,1,25500,100255423,Mobiles & Tablets,cmux33202,0,Payaxis,1/1/2017,Gross,"25,500",2017,1,Nov-16,1-2017,FY17,17368
379321,canceled,1/1/2017,qmobile_Noir Z14,25500,1,25500,100255424,Mobiles & Tablets,cmux33202,0,Payaxis,1/1/2017,Gross,"25,500",2017,1,Nov-16,1-2017,FY17,17368
379322,complete,1/1/2017,greenroot_Hair Growth Oil,800,1,800,100255425,Beauty & Grooming,\N,0,cod,1/1/2017,Net,800,2017,1,Jan-17,1-2017,FY17,30154
379323,canceled,1/1/2017,qmobile_Noir Z14,25500,1,25500,100255426,Mobiles & Tablets,cmux33202,0,Payaxis,1/1/2017,Gross,"25,500",2017,1,Nov-16,1-2017,FY17,17368
379324,canceled,1/1/2017,infinix_Zero 4-Grey,22999,1,24374,100255427,Mobiles & Tablets,\N,0,Payaxis,1/1/2017,Gross,"22,999",2017,1,Dec-16,1-2017,FY17,29878
379326,canceled,1/1/2017,Audionic_ B-800,1375,1,24374,100255427,Computing,\N,0,Payaxis,1/1/2017,Gross,"1,375",2017,1,Dec-16,1-2017,FY17,29878
379327,complete,1/1/2017,Telemall_MM-DR-HB-L,449,1,449,100255428,\N,\N,0,cod,1/1/2017,Net,449,2017,1,Jan-17,1-2017,FY17,30155
379328,complete,1/1/2017,Telemall_MM-AB-2001,999,1,999,100255429,Health & Sports,\N,0,cod,1/1/2017,Net,999,2017,1,Jan-17,1-2017,FY17,30156
379329,canceled,1/1/2017,infinix_Zero 4-Grey,22999,1,24374,100255430,Mobiles & Tablets,\N,0,Payaxis,1/1/2017,Gross,"22,999",2017,1,Dec-16,1-2017,FY17,29878
379331,canceled,1/1/2017,Audionic_B-880,1375,1,24374,100255430,Computing,\N,0,Payaxis,1/1/2017,Gross,"1,375",2017,1,Dec-16,1-2017,FY17,29878
379332,canceled,1/1/2017,qmobile_Noir Z14,25500,1,25500,100255431,Mobiles & Tablets,cmux33202,0,Payaxis,1/1/2017,Gross,"25,500",2017,1,Nov-16,1-2017,FY17,17368
379333,canceled,1/1/2017,qmobile_Noir Z14,25500,1,25500,100255432,Mobiles & Tablets,cmux33202,0,Payaxis,1/1/2017,Gross,"25,500",2017,1,Nov-16,1-2017,FY17,17368
379334,order_refunded,1/1/2017,UnzeLondon_GS4354-11,1999,1,1999,100255433,Men's Fashion,\N,0,cod,1/1/2017,Valid,"1,999",2017,1,Jan-17,1-2017,FY17,30157
379336,complete,1/1/2017,Rubian_DZ09-Smartwatch,1999,1,1999,100255434,Mobiles & Tablets,R-RWP-100892,0,cod,1/1/2017,Net,"1,999",2017,1,Nov-16,1-2017,FY17,20634
379337,canceled,1/1/2017,qmobile_Noir Z14,25500,1,25500,100255435,Mobiles & Tablets,cmux33202,0,Payaxis,1/1/2017,Gross,"25,500",2017,1,Nov-16,1-2017,FY17,17368
379338,complete,1/1/2017,Adolphs_TT-1-Black-M,499,1,499,100255436,Men's Fashion,6780,0,cod,1/1/2017,Net,499,2017,1,Jan-17,1-2017,FY17,30158
379340,complete,1/1/2017,Regal_070-N-B-BROWN-11,1350,1,1350,100255437,Women's Fashion,\N,0,cod,1/1/2017,Net,"1,350",2017,1,Jan-17,1-2017,FY17,30159
379342,complete,1/1/2017,kureshi_061-BCL,560,1,560,100255438,Men's Fashion,\N,0,cod,1/1/2017,Net,560,2017,1,Jan-17,1-2017,FY17,30160
379343,complete,1/1/2017,SFEVER_MP162,3500,1,3500,100255439,Beauty & Grooming,\N,0,cod,1/1/2017,Net,"3,500",2017,1,Jan-17,1-2017,FY17,30161
379344,complete,1/1/2017,TM_TM/VHS-010-XL,349,1,349,100255440,Men's Fashion,\N,0,cod,1/1/2017,Net,349,2017,1,Nov-16,1-2017,FY17,15124
379346,complete,1/1/2017,jn_900g,550,1,550,100255441,Superstore,\N,0,cod,1/1/2017,Net,550,2017,1,Aug-16,1-2017,FY17,3139
379347,complete,1/1/2017,Apple iPhone 6S Plus 16GB Silver,96500,1,96500,100255442,Mobiles & Tablets,Lhc 32234,0,cod,1/1/2017,Net,"96,500",2017,1,Dec-16,1-2017,FY17,29009
379348,complete,1/1/2017,TM_TM/VHS-010-XL,349,1,349,100255443,Men's Fashion,\N,0,cod,1/1/2017,Net,349,2017,1,Nov-16,1-2017,FY17,15124
379350,complete,1/1/2017,TM_TM/VSL-007-M,349,1,349,100255444,Men's Fashion,\N,0,cod,1/1/2017,Net,349,2017,1,Nov-16,1-2017,FY17,15124
379354,order_refunded,1/1/2017,ZFMLL_Skip Rope -123,500,1,500,100255446,Health & Sports,\N,0,cod,1/1/2017,Valid,500,2017,1,Nov-16,1-2017,FY17,17482
379352,complete,1/1/2017,TM_TM/BRF-006-S,249,1,249,100255445,Men's Fashion,\N,0,cod,1/1/2017,Net,249,2017,1,Nov-16,1-2017,FY17,15124
379355,canceled,1/1/2017,vitamin_Melatonin Sleep Formula,600,1,600,100255447,Health & Sports,\N,0,Payaxis,1/1/2017,Gross,600,2017,1,Jan-17,1-2017,FY17,30162
379356,complete,1/1/2017,nutrifactor_NF0026,690,1,690,100255448,Health & Sports,\N,0,cod,1/1/2017,Net,690,2017,1,Jan-17,1-2017,FY17,30162
379357,complete,1/1/2017,AmanJee_PY-0004,1600,1,2446,100255449,Women's Fashion,\N,0,cod,1/1/2017,Net,"1,600",2017,1,Aug-16,1-2017,FY17,5252
379358,complete,1/1/2017,MYWALET_MW-017-Black ,846,1,2446,100255449,Men's Fashion,\N,0,cod,1/1/2017,Net,846,2017,1,Aug-16,1-2017,FY17,5252
379359,order_refunded,1/1/2017,BO_Apple-laptop,490,1,490,100255450,Kids & Baby,\N,0,cod,1/1/2017,Valid,490,2017,1,Jan-17,1-2017,FY17,30163
379360,complete,1/1/2017,cr_SESAME BALL,75,1,75,100255451,Soghaat,\N,0,cod,1/1/2017,Net,75,2017,1,Sep-16,1-2017,FY17,8856
379362,complete,1/1/2017,Prime_WDJGH-M,1499,1,1499,100255453,Women's Fashion,\N,0,cod,1/1/2017,Net,"1,499",2017,1,Sep-16,1-2017,FY17,8643
379361,complete,1/1/2017,BWS_N016B,450,1,450,100255452,Women's Fashion,R-HDD-105008,0,cod,1/1/2017,Net,450,2017,1,Sep-16,1-2017,FY17,8643
379364,complete,1/1/2017,Adolphs_DT-48-L,799,1,799,100255454,Men's Fashion,\N,0,cod,1/1/2017,Net,799,2017,1,Sep-16,1-2017,FY17,8393
379366,complete,1/1/2017,Telemall_MM-DR-HB-L,449,1,449,100255455,\N,\N,0,cod,1/1/2017,Net,449,2017,1,Jan-17,1-2017,FY17,30164
379367,complete,1/1/2017,Adolphs_TT-1-Black-L,499,1,499,100255456,Men's Fashion,C-HDD-40844,0,cod,1/1/2017,Net,499,2017,1,Jul-16,1-2017,FY17,395
379369,canceled,1/1/2017,Infinix Note 3-2GB-Nationwide-Grey,18599,1,18599,100255457,Mobiles & Tablets,\N,0,Payaxis,1/1/2017,Gross,"18,599",2017,1,Nov-16,1-2017,FY17,26527
379371,received,1/1/2017,PlanetX_AG-9001,1400,1,2145,100255458,Kids & Baby,\N,0,cod,1/1/2017,Valid,"1,400",2017,1,Jan-17,1-2017,FY17,30165
379372,received,1/1/2017,Storline_30479,745,1,2145,100255458,Kids & Baby,\N,0,cod,1/1/2017,Valid,745,2017,1,Jan-17,1-2017,FY17,30165
379375,canceled,1/1/2017,rub_EZCast_Dongle Wifi Display,1999,1,1999,100255460,Entertainment,\N,0,Payaxis,1/1/2017,Gross,"1,999",2017,1,Jan-17,1-2017,FY17,30166
379373,canceled,1/1/2017,infinix_Zero 4-Grey,22999,1,22999,100255459,Mobiles & Tablets,\N,0,Payaxis,1/1/2017,Gross,"22,999",2017,1,Jan-17,1-2017,FY17,30131
379376,complete,1/1/2017,heater_De Longni,750,1,750,100255461,Appliances,\N,0,cod,1/1/2017,Net,750,2017,1,Jan-17,1-2017,FY17,30167
379377,complete,1/1/2017,emart_0-67,1249,1,1249,100255462,Health & Sports,\N,0,cod,1/1/2017,Net,"1,249",2017,1,Jan-17,1-2017,FY17,30168
379378,complete,1/1/2017,RS_Coconut Bites,140,2,925,100255463,Soghaat,\N,0,cod,1/1/2017,Net,280,2017,1,Jul-16,1-2017,FY17,340
379379,complete,1/1/2017,Chk_Shahi Chutney 330g,250,1,925,100255463,Superstore,\N,0,cod,1/1/2017,Net,250,2017,1,Jul-16,1-2017,FY17,340
379380,complete,1/1/2017,MDF 016_Apricots 250 gm,395,1,925,100255463,Soghaat,\N,0,cod,1/1/2017,Net,395,2017,1,Jul-16,1-2017,FY17,340
379381,complete,1/1/2017,OPI_NLN49,990,1,990,100255464,Beauty & Grooming,\N,0,cod,1/1/2017,Net,990,2017,1,Oct-16,1-2017,FY17,12654
379383,complete,1/1/2017,PlanetX_PX-9015,175,1,175,100255466,Kids & Baby,\N,0,cod,1/1/2017,Net,175,2017,1,Dec-16,1-2017,FY17,28444
379382,complete,1/1/2017,KureshiC_123-bba,199,1,199,100255465,Men's Fashion,\N,0,cod,1/1/2017,Net,199,2017,1,Jan-17,1-2017,FY17,30169
379384,complete,1/1/2017,cr_NAAR DRY DATES(200GM),120,1,120,100255467,Soghaat,\N,0,cod,1/1/2017,Net,120,2017,1,Nov-16,1-2017,FY17,25665
379385,canceled,1/1/2017,infinix_Zero 4-Grey,22999,1,22999,100255468,Mobiles & Tablets,\N,0,Payaxis,1/1/2017,Gross,"22,999",2017,1,Nov-16,1-2017,FY17,26527
379387,complete,1/1/2017,phub_Splendor  by Elizabeth Arden 125ml EDP,2700,1,2700,100255469,Beauty & Grooming,\N,0,cod,1/1/2017,Net,"2,700",2017,1,Nov-16,1-2017,FY17,13947
379388,canceled,1/1/2017,rub_EZCast_Dongle Wifi Display,1999,1,1999,100255470,Entertainment,\N,0,Payaxis,1/1/2017,Gross,"1,999",2017,1,Jan-17,1-2017,FY17,30166
379391,complete,1/1/2017,Ahmed_HabshiHalwa-275gm,220,1,519,100255473,Soghaat,\N,0,cod,1/1/2017,Net,220,2017,1,Nov-16,1-2017,FY17,26774
379392,complete,1/1/2017,aybeez_ABZ-3338-L,299,1,519,100255473,Men's Fashion,\N,0,cod,1/1/2017,Net,299,2017,1,Nov-16,1-2017,FY17,26774
379394,complete,1/1/2017,M&ME_8037,750,1,750,100255474,Kids & Baby,\N,0,cod,1/1/2017,Net,750,2017,1,Jan-17,1-2017,FY17,30170
379389,canceled,1/1/2017,qmobile_Noir Z14,25500,1,25500,100255471,Mobiles & Tablets,\N,0,Payaxis,1/1/2017,Gross,"25,500",2017,1,Nov-16,1-2017,FY17,17368
379390,canceled,1/1/2017,Infinix-Hot-S-Grey,16899,1,16899,100255472,Mobiles & Tablets,\N,0,Payaxis,1/1/2017,Gross,"16,899",2017,1,Jan-17,1-2017,FY17,30131
379395,canceled,1/1/2017,qmobile_Noir Z14,25500,1,25500,100255475,Mobiles & Tablets,\N,0,Payaxis,1/1/2017,Gross,"25,500",2017,1,Nov-16,1-2017,FY17,17368
379396,complete,1/1/2017,Rubian_Rubian 082,999,1,999,100255476,Men's Fashion,\N,0,cod,1/1/2017,Net,999,2017,1,Jul-16,1-2017,FY17,36
379397,canceled,1/1/2017,Infinix Note 3-2GB-Nationwide-Gold,18599,1,18599,100255477,Mobiles & Tablets,CMUX33202,0,Payaxis,1/1/2017,Gross,"18,599",2017,1,Nov-16,1-2017,FY17,13793
379399,received,1/1/2017,Rajesh_RAJ69,1060,1,6009,100255478,Others,\N,0,cod,1/1/2017,Valid,"1,060",2017,1,Jul-16,1-2017,FY17,1732
379400,received,1/1/2017,tucano_BAGIO15-GT,4949,1,6009,100255478,Computing,\N,0,cod,1/1/2017,Valid,"4,949",2017,1,Jul-16,1-2017,FY17,1732
379401,canceled,1/1/2017,Infinix-Hot-S-Grey,16899,1,16899,100255479,Mobiles & Tablets,\N,0,Payaxis,1/1/2017,Gross,"16,899",2017,1,Jan-17,1-2017,FY17,30131
379402,complete,1/1/2017,jockey_J260-1013-3-M,715,1,715,100255480,Men's Fashion,\N,0,cod,1/1/2017,Net,715,2017,1,Jan-17,1-2017,FY17,30171
379404,canceled,1/1/2017,INFIINIX_HOT S X521,16899,1,16899,100255481,Mobiles & Tablets,\N,0,Payaxis,1/1/2017,Gross,"16,899",2017,1,Jan-17,1-2017,FY17,30131
379405,canceled,1/1/2017,Infinix-Hot-S-Grey,16899,1,16899,100255482,Mobiles & Tablets,\N,0,Payaxis,1/1/2017,Gross,"16,899",2017,1,Nov-16,1-2017,FY17,26527
379406,refund,1/1/2017,Infinix Note 3-2GB-Nationwide-Gold,18599,1,44099,100255483,Mobiles & Tablets,cmux33202,0,Payaxis,1/1/2017,Valid,"18,599",2017,1,Nov-16,1-2017,FY17,12947
379408,refund,1/1/2017,qmobile_Noir Z14,25500,1,44099,100255483,Mobiles & Tablets,cmux33202,0,Payaxis,1/1/2017,Valid,"25,500",2017,1,Nov-16,1-2017,FY17,12947
379409,canceled,1/1/2017,INFIINIX_HOT S X521,16899,1,16899,100255484,Mobiles & Tablets,\N,0,Payaxis,1/1/2017,Gross,"16,899",2017,1,Nov-16,1-2017,FY17,26527
379410,canceled,1/1/2017,Infinix-Hot-S-Grey,16899,1,16899,100255485,Mobiles & Tablets,\N,0,Payaxis,1/1/2017,Gross,"16,899",2017,1,Jan-17,1-2017,FY17,30131
379411,complete,1/1/2017,Rajesh_RAJ029,665,1,2375,100255486,Appliances,\N,0,cod,1/1/2017,Net,665,2017,1,Jan-17,1-2017,FY17,30170
379412,complete,1/1/2017,sinbo_6521,1710,1,2375,100255486,Appliances,\N,0,cod,1/1/2017,Net,"1,710",2017,1,Jan-17,1-2017,FY17,30170
379413,complete,1/1/2017,TM_TM/VHS-010-XL,349,1,349,100255487,Men's Fashion,\N,0,cod,1/1/2017,Net,349,2017,1,Jan-17,1-2017,FY17,30172